Workbook

Sheet Token Math Template
A1: AI System Design Assessment — Token Math Sheet
A2: Complete this template for the full end-to-end AI workflow. Use the provided synthetic dataset and fixed $50,000/year token budget.
A4: Fixed annual token budget | B4: 50000 | D4: Architecture summary | E4: Cost-tiered customer-success pipeline for a 750-account portfolio: Haiku 4.5 for high-volume scan + triage + judge, Sonnet 4.6 for synthesis (prioritisation, check-in prep, quality-review generator), Opus 4.7 reserved for bi-weekly segment-intervention design, deterministic Python at the routing boundaries. The quality-review judge is a DIFFERENT MODEL from the generator (Haiku judging Sonnet) — structural discriminator separation, not just a separate call, and cost-tier-correct because verification is simpler than synthesis. Measured costs (Column N) come from a real 5-run end-to-end execution on the synthetic dataset: $0.086 per run, projecting to $1,361/year at 750-account scale, which is 2.7% of the $50k budget. Headroom is real and would be reinvested in prompt caching, a blind-judge variant, and hierarchical prioritisation at full scale.
A5: Computed annual token cost | B5: =SUM(M12:M91)
A6: Variance from budget | B6: =B5-B4
A7: Percent variance | B7: =IF(B4=0,"",B6/B4)
A8: Rows completed | B8: =COUNTA(A12:A91)
A9: Operating area coverage check
A10: Account monitoring | B10: =IF(COUNTIF(B$12:B$91,A10)>0,"Covered","Missing")
A11: Workflow component | B11: Operating area covered | C11: Trigger / schedule | D11: Estimated daily volume | E11: Avg input tokens per run | F11: Avg output tokens per run | G11: Model tier | H11: Input $/M tokens | I11: Output $/M tokens | J11: Retry / recheck rate | K11: Eval / QA multiplier | L11: Estimated daily cost | M11: Estimated annual cost | N11: Notebook measured avg cost/run | O11: Notes / assumptions
A12: Daily account-health scan | B12: Account monitoring | C12: Daily scheduled batch | D12: 750 | E12: 530 | F12: 128 | G12: Low-cost model | H12: =IFERROR(VLOOKUP(G12,'Pricing Reference'!$A$5:$D$8,3,FALSE),"") | I12: =IFERROR(VLOOKUP(G12,'Pricing Reference'!$A$5:$D$8,4,FALSE),"") | J12: 0.05 | K12: 1.10 | L12: =IF(OR(D12="",E12="",F12="",H12="",I12=""),"",D12*((E12*H12+F12*I12)/1000000)*(1+J12)*K12) | M12: =IF(L12="","",L12*260) | N12: 0.000157 | O12: Measured (5 runs, n=90 calls): Haiku 4.5, avg in=531 out=129. Real Anthropic API.
A13: Portfolio prioritization | B13: Prioritization | C13: After daily account-health scan | D13: 750 | E13: 2504 | F13: 800 | G13: Mid model | H13: =IFERROR(VLOOKUP(G13,'Pricing Reference'!$A$5:$D$8,3,FALSE),"") | I13: =IFERROR(VLOOKUP(G13,'Pricing Reference'!$A$5:$D$8,4,FALSE),"") | J13: 0.05 | K13: 1.10 | L13: =IF(OR(D13="",E13="",F13="",H13="",I13=""),"",D13*((E13*H13+F13*I13)/1000000)*(1+J13)*K13) | M13: =IF(L13="","",L13*260) | N13: 0.004564 | O13: Measured (5 runs, n=5): Sonnet 4.6, 1 call/run synthesising 18 reviews. Note: at 750-account scale would shift to hierarchical (per-segment then per-account) to avoid attention dilution.
A14: Inbound ticket intake and routing | B14: Inbound issue handling | C14: Ticket received | D14: 6 | E14: 576 | F14: 145 | G14: Low-cost model | H14: =IFERROR(VLOOKUP(G14,'Pricing Reference'!$A$5:$D$8,3,FALSE),"") | I14: =IFERROR(VLOOKUP(G14,'Pricing Reference'!$A$5:$D$8,4,FALSE),"") | J14: 0.10 | K14: 1.05 | L14: =IF(OR(D14="",E14="",F14="",H14="",I14=""),"",D14*((E14*H14+F14*I14)/1000000)*(1+J14)*K14) | M14: =IF(L14="","",L14*260) | N14: 0.000174 | O14: Measured (5 runs, n=60): Haiku 4.5. My impl combines triage + draft response in one call.
A15: Inbound ticket response drafting | B15: Inbound issue handling | C15: After ticket routing | D15: 6 | E15: 1800 | F15: 550 | G15: Mid model | H15: =IFERROR(VLOOKUP(G15,'Pricing Reference'!$A$5:$D$8,3,FALSE),"") | I15: =IFERROR(VLOOKUP(G15,'Pricing Reference'!$A$5:$D$8,4,FALSE),"") | J15: 0.10 | K15: 1.10 | L15: =IF(OR(D15="",E15="",F15="",H15="",I15=""),"",D15*((E15*H15+F15*I15)/1000000)*(1+J15)*K15) | M15: =IF(L15="","",L15*260) | N15: 0.000171 | O15: My impl combines triage + drafting into one Haiku call (row 14). Row 15 unchanged from template default; production might split if response drafting needs Sonnet-quality.
A16: Check-in preparation | B16: Customer check-in support | C16: Scheduled check-in | D16: 2.4 | E16: 625 | F16: 776 | G16: Mid model | H16: =IFERROR(VLOOKUP(G16,'Pricing Reference'!$A$5:$D$8,3,FALSE),"") | I16: =IFERROR(VLOOKUP(G16,'Pricing Reference'!$A$5:$D$8,4,FALSE),"") | J16: 0.05 | K16: 1.10 | L16: =IF(OR(D16="",E16="",F16="",H16="",I16=""),"",D16*((E16*H16+F16*I16)/1000000)*(1+J16)*K16) | M16: =IF(L16="","",L16*260) | N16: 0.002986 | O16: Measured (5 runs, n=60): Sonnet 4.6, full brief with carry-forward of open follow-ups. Codex review flag: routine check-ins could route to Haiku conditionally on health/value triggers.
A17: Check-in follow-up generation | B17: Customer check-in support | C17: After check-in | D17: 2.4 | E17: 625 | F17: 776 | G17: Mid model | H17: =IFERROR(VLOOKUP(G17,'Pricing Reference'!$A$5:$D$8,3,FALSE),"") | I17: =IFERROR(VLOOKUP(G17,'Pricing Reference'!$A$5:$D$8,4,FALSE),"") | J17: 0.05 | K17: 1.10 | L17: =IF(OR(D17="",E17="",F17="",H17="",I17=""),"",D17*((E17*H17+F17*I17)/1000000)*(1+J17)*K17) | M17: =IF(L17="","",L17*260) | N17: 0.002986 | O17: Not separately measured this build; same pattern + cost shape as checkin_prep (row 16).
A18: Weekly output quality review | B18: Output quality review | C18: Weekly batch | D18: 20 | E18: 653 | F18: 781 | G18: Mid model | H18: =IFERROR(VLOOKUP(G18,'Pricing Reference'!$A$5:$D$8,3,FALSE),"") | I18: =IFERROR(VLOOKUP(G18,'Pricing Reference'!$A$5:$D$8,4,FALSE),"") | J18: 0.10 | K18: 1.20 | L18: =IF(OR(D18="",E18="",F18="",H18="",I18=""),"",D18*((E18*H18+F18*I18)/1000000)*(1+J18)*K18) | M18: =IF(L18="","",L18*260) | N18: 0.003024 | O18: Measured (5 runs, n=40): Sonnet 4.6 generator-side review.
A19: Segment intervention detection | B19: Targeted intervention planning | C19: Biweekly analysis | D19: 50 | E19: 2000 | F19: 600 | G19: High-reasoning model | H19: =IFERROR(VLOOKUP(G19,'Pricing Reference'!$A$5:$D$8,3,FALSE),"") | I19: =IFERROR(VLOOKUP(G19,'Pricing Reference'!$A$5:$D$8,4,FALSE),"") | J19: 0.10 | K19: 1.20 | L19: =IF(OR(D19="",E19="",F19="",H19="",I19=""),"",D19*((E19*H19+F19*I19)/1000000)*(1+J19)*K19) | M19: =IF(L19="","",L19*260) | O19: Deterministic Python detector in my impl; no LLM cost. Cost shown is template default for an LLM-detector design alternative.
A20: Intervention plan generation | B20: Targeted intervention planning | C20: When segment issue found | D20: 5 | E20: 1487 | F20: 834 | G20: High-reasoning model | H20: =IFERROR(VLOOKUP(G20,'Pricing Reference'!$A$5:$D$8,3,FALSE),"") | I20: =IFERROR(VLOOKUP(G20,'Pricing Reference'!$A$5:$D$8,4,FALSE),"") | J20: 0.10 | K20: 1.20 | L20: =IF(OR(D20="",E20="",F20="",H20="",I20=""),"",D20*((E20*H20+F20*I20)/1000000)*(1+J20)*K20) | M20: =IF(L20="","",L20*260) | N20: 0.014469 | O20: Measured (5 runs, n=5): Opus 4.7. Fires conditionally on segment-level decline; 1 call per run in this dataset.
A21: 24/7 monitoring intake | B21: 24/7 responsiveness / escalation | C21: Always-on lightweight scan | D21: 100 | E21: 500 | F21: 120 | G21: Low-cost model | H21: =IFERROR(VLOOKUP(G21,'Pricing Reference'!$A$5:$D$8,3,FALSE),"") | I21: =IFERROR(VLOOKUP(G21,'Pricing Reference'!$A$5:$D$8,4,FALSE),"") | J21: 0.02 | K21: 1.00 | L21: =IF(OR(D21="",E21="",F21="",H21="",I21=""),"",D21*((E21*H21+F21*I21)/1000000)*(1+J21)*K21) | M21: =IF(L21="","",L21*260) | O21: Not implemented this build. Would map to Haiku-tier triage (~$0.00017/call); production adds webhook intake + SLA clock.
A22: Escalation packet generation | B22: 24/7 responsiveness / escalation | C22: High-urgency issue detected | D22: 3 | E22: 2500 | F22: 700 | G22: High-reasoning model | H22: =IFERROR(VLOOKUP(G22,'Pricing Reference'!$A$5:$D$8,3,FALSE),"") | I22: =IFERROR(VLOOKUP(G22,'Pricing Reference'!$A$5:$D$8,4,FALSE),"") | J22: 0.10 | K22: 1.10 | L22: =IF(OR(D22="",E22="",F22="",H22="",I22=""),"",D22*((E22*H22+F22*I22)/1000000)*(1+J22)*K22) | M22: =IF(L22="","",L22*260) | O22: Not implemented as separate call; covered by intervention_design when escalation is needed. Production would build a dedicated Sonnet packet per Codex review feedback.
A23: Account memory retrieval | B23: Memory / context retrieval | C23: Before context-heavy stage | D23: 100 | E23: 700 | F23: 0 | G23: Embedding / retrieval | H23: =IFERROR(VLOOKUP(G23,'Pricing Reference'!$A$5:$D$8,3,FALSE),"") | I23: =IFERROR(VLOOKUP(G23,'Pricing Reference'!$A$5:$D$8,4,FALSE),"") | J23: 0.00 | K23: 1.00 | L23: =IF(OR(D23="",E23="",F23="",H23="",I23=""),"",D23*((E23*H23+F23*I23)/1000000)*(1+J23)*K23) | M23: =IF(L23="","",L23*260) | O23: In-process pandas filter; zero LLM cost. Embedding tier (template default) would apply with vector retrieval at scale.
A24: Automated workflow evals | B24: Evaluation / QA | C24: After generated outputs | D24: 35 | E24: 1494 | F24: 80 | G24: Low-cost model | H24: =IFERROR(VLOOKUP(G24,'Pricing Reference'!$A$5:$D$8,3,FALSE),"") | I24: =IFERROR(VLOOKUP(G24,'Pricing Reference'!$A$5:$D$8,4,FALSE),"") | J24: 0.05 | K24: 1.00 | L24: =IF(OR(D24="",E24="",F24="",H24="",I24=""),"",D24*((E24*H24+F24*I24)/1000000)*(1+J24)*K24) | M24: =IF(L24="","",L24*260) | N24: 0.000272 | O24: Measured (5 runs, n=40): Haiku 4.5 INDEPENDENT JUDGE. Different model from Sonnet generator = real discriminator separation. Serves as the automated workflow eval. Known limitation: judge sees first reviewer verdict (anchoring risk); blind-judge variant is the upgrade.
H25: =IFERROR(VLOOKUP(G25,'Pricing Reference'!$A$5:$D$8,3,FALSE),"") | I25: =IFERROR(VLOOKUP(G25,'Pricing Reference'!$A$5:$D$8,4,FALSE),"") | L25: =IF(OR(D25="",E25="",F25="",H25="",I25=""),"",D25*((E25*H25+F25*I25)/1000000)*(1+J25)*K25) | M25: =IF(L25="","",L25*260)
H26: =IFERROR(VLOOKUP(G26,'Pricing Reference'!$A$5:$D$8,3,FALSE),"") | I26: =IFERROR(VLOOKUP(G26,'Pricing Reference'!$A$5:$D$8,4,FALSE),"") | L26: =IF(OR(D26="",E26="",F26="",H26="",I26=""),"",D26*((E26*H26+F26*I26)/1000000)*(1+J26)*K26) | M26: =IF(L26="","",L26*260)
H27: =IFERROR(VLOOKUP(G27,'Pricing Reference'!$A$5:$D$8,3,FALSE),"") | I27: =IFERROR(VLOOKUP(G27,'Pricing Reference'!$A$5:$D$8,4,FALSE),"") | L27: =IF(OR(D27="",E27="",F27="",H27="",I27=""),"",D27*((E27*H27+F27*I27)/1000000)*(1+J27)*K27) | M27: =IF(L27="","",L27*260)
H28: =IFERROR(VLOOKUP(G28,'Pricing Reference'!$A$5:$D$8,3,FALSE),"") | I28: =IFERROR(VLOOKUP(G28,'Pricing Reference'!$A$5:$D$8,4,FALSE),"") | L28: =IF(OR(D28="",E28="",F28="",H28="",I28=""),"",D28*((E28*H28+F28*I28)/1000000)*(1+J28)*K28) | M28: =IF(L28="","",L28*260)
H29: =IFERROR(VLOOKUP(G29,'Pricing Reference'!$A$5:$D$8,3,FALSE),"") | I29: =IFERROR(VLOOKUP(G29,'Pricing Reference'!$A$5:$D$8,4,FALSE),"") | L29: =IF(OR(D29="",E29="",F29="",H29="",I29=""),"",D29*((E29*H29+F29*I29)/1000000)*(1+J29)*K29) | M29: =IF(L29="","",L29*260)
H30: =IFERROR(VLOOKUP(G30,'Pricing Reference'!$A$5:$D$8,3,FALSE),"") | I30: =IFERROR(VLOOKUP(G30,'Pricing Reference'!$A$5:$D$8,4,FALSE),"") | L30: =IF(OR(D30="",E30="",F30="",H30="",I30=""),"",D30*((E30*H30+F30*I30)/1000000)*(1+J30)*K30) | M30: =IF(L30="","",L30*260)
H31: =IFERROR(VLOOKUP(G31,'Pricing Reference'!$A$5:$D$8,3,FALSE),"") | I31: =IFERROR(VLOOKUP(G31,'Pricing Reference'!$A$5:$D$8,4,FALSE),"") | L31: =IF(OR(D31="",E31="",F31="",H31="",I31=""),"",D31*((E31*H31+F31*I31)/1000000)*(1+J31)*K31) | M31: =IF(L31="","",L31*260)
H32: =IFERROR(VLOOKUP(G32,'Pricing Reference'!$A$5:$D$8,3,FALSE),"") | I32: =IFERROR(VLOOKUP(G32,'Pricing Reference'!$A$5:$D$8,4,FALSE),"") | L32: =IF(OR(D32="",E32="",F32="",H32="",I32=""),"",D32*((E32*H32+F32*I32)/1000000)*(1+J32)*K32) | M32: =IF(L32="","",L32*260)
H33: =IFERROR(VLOOKUP(G33,'Pricing Reference'!$A$5:$D$8,3,FALSE),"") | I33: =IFERROR(VLOOKUP(G33,'Pricing Reference'!$A$5:$D$8,4,FALSE),"") | L33: =IF(OR(D33="",E33="",F33="",H33="",I33=""),"",D33*((E33*H33+F33*I33)/1000000)*(1+J33)*K33) | M33: =IF(L33="","",L33*260)
H34: =IFERROR(VLOOKUP(G34,'Pricing Reference'!$A$5:$D$8,3,FALSE),"") | I34: =IFERROR(VLOOKUP(G34,'Pricing Reference'!$A$5:$D$8,4,FALSE),"") | L34: =IF(OR(D34="",E34="",F34="",H34="",I34=""),"",D34*((E34*H34+F34*I34)/1000000)*(1+J34)*K34) | M34: =IF(L34="","",L34*260)
H35: =IFERROR(VLOOKUP(G35,'Pricing Reference'!$A$5:$D$8,3,FALSE),"") | I35: =IFERROR(VLOOKUP(G35,'Pricing Reference'!$A$5:$D$8,4,FALSE),"") | L35: =IF(OR(D35="",E35="",F35="",H35="",I35=""),"",D35*((E35*H35+F35*I35)/1000000)*(1+J35)*K35) | M35: =IF(L35="","",L35*260)
H36: =IFERROR(VLOOKUP(G36,'Pricing Reference'!$A$5:$D$8,3,FALSE),"") | I36: =IFERROR(VLOOKUP(G36,'Pricing Reference'!$A$5:$D$8,4,FALSE),"") | L36: =IF(OR(D36="",E36="",F36="",H36="",I36=""),"",D36*((E36*H36+F36*I36)/1000000)*(1+J36)*K36) | M36: =IF(L36="","",L36*260)
... H91: =IFERROR(VLOOKUP(G91,'Pricing Reference'!$A$5:$D$8,3,FALSE),"") | I91: =IFERROR(VLOOKUP(G91,'Pricing Reference'!$A$5:$D$8,4,FALSE),"") | L91: =IF(OR(D91="",E91="",F91="",H91="",I91=""),"",D91*((E91*H91+F91*I91)/1000000)*(1+J91)*K91) | M91: =IF(L91="","",L91*260)

Sheet Pricing Reference
A1: Pricing Reference
A2: Use these placeholder tiers for v0 calibration. Replace with locked model prices before launch.
A4: Model tier | B4: Intended use | C4: Input $/M tokens | D4: Output $/M tokens | E4: Notes
A5: Low-cost model | B5: Routing, classification, extraction, simple checks | C5: 0.15 | D5: 0.6 | E5: Placeholder: replace before launch
A6: Mid model | B6: Summarization, account review, QA, drafts | C6: 0.8 | D6: 3.2 | E6: Placeholder: replace before launch
A7: High-reasoning model | B7: Complex synthesis, intervention planning, high-stakes escalation | C7: 3 | D7: 12 | E7: Placeholder: replace before launch
A8: Embedding / retrieval | B8: Memory lookup or retrieval support | C8: 0.1 | D8: 0 | E8: If output price does not apply, use 0

Sheet Instructions
A1: AI System Design Assessment — Token Math Sheet Template
A3: Purpose | B3: Complete this workbook to show how your full end-to-end AI workflow uses the fixed $50,000/year token budget.
A5: How to use
B6: 1. Fill in the architecture summary on the Token Math Template sheet.
B7: 2. Add one row per major workflow component, stage, or recurring operation.
B8: 3. Cover the full workflow: monitoring, prioritization, inbound issues, check-ins, quality review, interventions, responsiveness/escalation, memory, and evaluation.
B9: 4. Use only the model tiers and prices in the Pricing Reference sheet unless instructed otherwise.
B10: 5. Do not change the required columns or formulas.
B11: 6. Link your measured notebook costs to the relevant rows in this sheet where possible.
A14: Fixed budget | B14: Your design should be built around a fixed annual token budget of $50,000.
A16: Data | B16: Use the provided synthetic dataset for your notebook implementation. You may create additional mock examples if needed.
